apple,SMA30,SMA100
80.948952,,
80.739334,,
82.21048,,
81.902557,,
81.339699,,
82.489952,,
83.431915,,
83.75927,,
83.528938,,
84.865509,,
85.363655,,
85.010437,,
83.58847,,
82.673691,,
83.506935,,
83.39827,,
83.488853,,
83.199013,,
82.338593,,
82.266121,,
81.76796,,
81.840439,,
82.329529,,
83.307701,,
84.168129,,
84.702461,,
84.666267,,
85.164391,,
86.921494,,
86.359947,83.3759654,
86.396164,83.55753913333334,
86.079193,83.73553443333334,
86.24221,83.86992543333334,
87.356232,84.0517146,
86.332787,84.21815086666668,
85.843697,84.32994236666667,
84.313034,84.359313,
85.526695,84.41822716666667,
85.082901,84.47002593333333,
85.789352,84.5008207,
88.026482,84.5895816,
87.881531,84.68528473333335,
88.461205,84.84770923333332,
89.683922,85.0813836,
89.104279,85.26796173333334,
88.895943,85.4512175,
86.586395,85.5544689,
87.066406,85.683382,
86.577316,85.82467276666668,
86.151657,85.95419063333334,
86.006714,86.09548243333333,
85.997597,86.23405436666667,
86.234283,86.36421283333333,
87.372047,86.49969103333333,
87.353836,86.60588126666667,
88.509834,86.7327937,
88.746475,86.86880063333334,
89.183418,87.0027682,
90.257462,87.11396713333333,
91.504433,87.28545000000001,
91.540871,87.45694023333334,
91.549965,87.63929929999999,
92.223526,87.8386765,
92.42379,88.00759509999999,
91.832115,88.19090603333333,
92.9608,88.42814279999999,
93.070038,88.72004293333333,
93.297585,88.97907260000001,
94.025787,89.2771688,
90.05722,89.41943106666668,
89.310822,89.4622424,
90.084518,89.5356753,
89.529274,89.5712776,
89.19249,89.55489653333333,
91.932259,89.64916253333332,
92.323639,89.76341906666667,
92.533028,89.96164016666667,
92.505692,90.1429497,
91.804832,90.31720023333332,
92.460182,90.5274844,
92.651321,90.7489713,
91.895859,90.94558003333333,
91.986862,91.13733266666667,
93.425018,91.33909836666668,
92.614929,91.51446813333334,
89.083282,91.53358306666668,
91.70472,91.63219123333333,
91.122177,91.69681653333333,
91.70472,91.74505846666666,
90.275642,91.70409876666666,
90.931023,91.6837705,
90.676155,91.6546435,
90.676155,91.60306446666667,
89.884239,91.51841276666667,
91.750206,91.51568246666666,
91.950462,91.48200453333334,
91.686493,91.43588636666665,
90.849098,91.35427013333333,
89.884239,91.21621853333333,
88.782898,91.17374113333332,87.78036393000001
87.617805,91.11730723333334,87.84705246
88.901215,91.0778638,87.92867127
90.803581,91.1203407,88.01460228
93.270294,91.25626749999999,88.12827965000001
93.743599,91.3166455,88.25231864999999
95.418404,91.41980433333333,88.38160317
95.773392,91.52781646666668,88.50501794
95.673256,91.63340193333333,88.6241578
97.156906,91.8118044,88.76043748000001
97.703041,91.98656636666666,88.8888128
97.375374,92.14403480000001,89.00892999000001
98.30378,92.35763216666666,89.14186342
99.57811,92.61067376666666,89.30175981999999
98.849945,92.79150466666667,89.46352235999998
99.086578,93.0072263,89.61931879
99.369965,93.35011573333333,89.77903574
99.653374,93.61507086666667,89.94068094999999
99.488838,93.89395956666665,90.1035792
100.284142,94.17994030000001,90.28303469000001
101.701088,94.5607885,90.47738436
103.136337,94.9676323,90.69106813
104.379631,95.42441483333333,90.91646005000001
104.20594,95.87540766666666,91.13522415999999
105.558899,96.39789633333334,91.35773614
104.827576,96.83380866666667,91.56433061
106.326782,97.31301933333333,91.78057381999999
106.473061,97.80590493333334,91.99864176
108.447662,98.39252373333333,92.23147447000001
107.506065,98.97991793333334,92.43732018
108.785904,99.6466848,92.66157975
108.721893,100.3501544,92.88483704000001
105.193222,100.89322130000001,93.07597733
104.790977,101.35946783333333,93.261465
105.979401,101.78310473333333,93.44769668999999
105.577171,102.17755713333332,93.64014053000001
105.129219,102.50125096666667,93.83299575000001
102.752403,102.73388466666667,94.01738943999999
104.324753,103.0222679,94.20537001999999
102.341011,103.1950714,94.37795111999999
102.039368,103.33961563333334,94.54045128
100.311569,103.4374888,94.66330214999999
98.940338,103.45870740000001,94.77389022
97.587341,103.39234843333334,94.86515158
100.019043,103.43131836666667,94.96850279
102.980919,103.56112973333332,95.10726919000001
102.185616,103.65498476666667,95.24016592
103.246056,103.77474083333333,95.40676253
102.880394,103.8877927,95.56490241000002
102.395844,103.95818276666665,95.72308769
104.20594,104.04167783333332,95.90363052
104.132797,104.07489316666667,96.08489134999999
102.862099,104.02430876666666,96.25353637
100.905785,103.9143036,96.40025139
99.945885,103.72720313333333,96.52598977
97.130241,103.4706253,96.62375382
97.13942,103.16437990000001,96.71004968
98.501518,102.89866179999999,96.80760011000001
102.286186,102.69327926666666,96.93862779
102.395844,102.52293856666667,97.06001161
99.872757,102.22583366666666,97.14369484999999
100.759514,101.96042103333335,97.23588128
100.375572,101.7998327,97.32413735
97.651314,101.56184393333334,97.37841523000002
96.892563,101.25894933333333,97.42310296
99.38829,101.0526533,97.49866471000001
100.147011,100.8865797,97.57052682
102.752403,100.8865797,97.66735047
103.282608,100.85184153333333,97.76720069999999
103.392311,100.88688486666666,97.86086594
99.772209,100.8113129,97.95801583000001
105.412628,100.98134819999999,98.11903389000001
108.694481,101.30648629999999,98.30513352
107.103836,101.6237028,98.48087914
108.447662,101.90465676666666,98.67343086
108.465935,102.08749063333333,98.83876762
109.297836,102.32456463333332,99.00850958999999
110.077942,102.55229416666666,99.18395873
109.150978,102.76131363333334,99.35041159000001
109.876022,103.0106529,99.53112348999998
111.9869,103.27001823333333,99.72639067
114.611763,103.6193171,99.94599509
116.061844,104.0593086,100.18765493999999
116.630859,104.58347773333334,100.43409491
117.319191,105.16258793333333,100.67303663999999
118.136032,105.86278096666668,100.92824767
117.888214,106.55440743333332,101.21629699
118.851883,107.23275293333334,101.48776861999998
122.064079,107.89201603333332,101.79718763999999
121.302315,108.52223173333331,102.09316359
118.200256,109.13314836666667,102.37240973
119.696228,109.76437216666666,102.66006177999999
117.8974,110.3484331,102.93227423
118.475578,111.04257523333334,103.21026846000001
118.723381,111.77026916666667,103.49865987999999
117.970802,112.38968623333334,103.76086584000001
116.015945,112.9186507,104.00152066999999
116.190331,113.36658163333333,104.24655905000002
116.685921,113.81335873333335,104.50492727999999
114.272171,114.17602073333335,104.7488066
112.188843,114.58990853333333,104.98286605
114.21711,114.88339126666668,105.24885909999999
113.427818,115.04116916666666,105.49412512999999
114.676003,115.29357473333333,105.73284935
116.594139,115.56512396666668,105.96608780000001
117.906548,115.87981106666668,106.20771729
117.016342,116.1370946,106.42369667000001
115.547905,116.3194267,106.6214418
116.750168,116.57273303333334,106.83221092
116.272911,116.78596266666666,107.02337097
113.2351,116.82756933333333,107.17869156
114.024368,116.8079895,107.3451815
113.115784,116.7097875,107.49330153999999
115.97924,116.68806686666667,107.65731284000002
114.198746,116.58405203333334,107.81080085000002
114.033562,116.44730303333334,107.96027069
115.015564,116.35154803333334,108.11672668000001
116.878647,116.28577349999999,108.28897941000001
115.648849,116.0719325,108.45057951999999
115.272545,115.87094016666668,108.60046354999999
116.153618,115.8027189,108.74498884999998
116.649216,115.70115183333333,108.88011764
116.419769,115.65189746666667,109.00051902
115.914986,115.56654440000001,109.11760948
116.355522,115.48761576666666,109.22557571000002
115.795677,115.4151116,109.33525672
114.492439,115.36432806666667,109.41691329000001
117.108101,115.3949204,109.52326369000001
116.474838,115.3878843,109.60353545
118.044243,115.51362003333332,109.70891723000001
119.007912,115.74092233333333,109.81113730999999
119.567741,115.9192767,109.91959579
121.742836,116.19644396666668,110.08509193
119.824707,116.36806743333334,110.23542923
118.062592,116.41701586666666,110.35626114
114.859558,116.31544953333334,110.44908501
118.347084,116.35980760000001,110.58126365999999
118.117645,116.4454656,110.73491608
115.456108,116.40233026666667,110.84622963
114.731071,116.3509356,110.97013023
115.440712,116.424456,111.10414367
117.615707,116.5441673,111.27718505000001
116.417625,116.65422866666667,111.45195792
116.002884,116.65501680000001,111.63611335
116.131927,116.71945616666667,111.79724218999999
118.841446,116.87971896666666,111.95584746
118.675552,117.00171856666667,112.12074682000001
119.984222,117.10523773333334,112.28812848000001
119.873642,117.24606416666667,112.45806095999998
119.864433,117.39912709999999,112.63274685
121.090179,117.56367913333334,112.80158924000001
122.150032,117.74703966666668,112.98176159
119.458923,117.8483448,113.14772983
121.689232,118.04081966666666,113.35556430000001
121.449577,118.21062149999999,113.57060122000001
120.067184,118.35300506666665,113.79997064999999
120.306801,118.54681713333333,114.03164446000001
119.772255,118.63562226666666,114.24435183
119.919716,118.75045153333333,114.42068713
119.219307,118.78962033333333,114.58892175999999
118.564957,118.77485516666667,114.77584376
117.781601,118.71531716666667,114.94606463
117.431381,118.571602,115.11662272
118.776917,118.53667566666668,115.32787875
118.509666,118.55157813333334,115.54404978000001
117.200966,118.62962506666666,115.72217653999998
116.970581,118.58374163333333,115.89041224
117.597267,118.5663957,116.03886087999999
117.320793,118.62855186666667,116.17924273
117.855324,118.73269363333334,116.32387286000001
116.675667,118.7738588,116.49290744
117.606491,118.7735516,116.61484607
117.071945,118.79536226666666,116.69862071
118.067299,118.8641761,116.80825534000002
117.505127,118.90994943333334,116.89882999000001
116.813896,118.84236443333334,116.98230960000001
114.767921,118.71211006666667,117.03701045
115.597382,118.56588206666667,117.09220485
116.675667,118.4592829,117.16745174000002
116.528198,118.34807506666668,117.2339735
116.122704,118.18249256666667,117.27533154000001
115.837006,117.97205836666667,117.28758397
112.961594,117.75548073333333,117.25658147
110.65757,117.38775866666667,117.19684858
113.615921,117.1266368,117.15981588000001
115.809349,116.98470896666667,117.13654905
115.76326,116.8332576,117.11529951
116.878418,116.73679636666667,117.09556486
118.435951,116.68733753333332,117.05928358000001
119.458923,116.69532473333334,117.04084966
121.716888,116.8003891,117.07601598
120.500343,116.89101383333333,117.08405713
115.403839,116.82342909999998,117.05912151999999
115.348526,116.70914939999999,117.027851
114.740288,116.58350346666666,116.98802007
113.145889,116.44833423333333,116.93977094
113.708076,116.33958406666667,116.91669225000001
113.34864,116.19796316666665,116.88827534
112.777275,116.04651256666666,116.84918888
111.79113,115.84437276666667,116.82437847000001
109.155342,115.59369526666666,116.79404346000001
105.653229,115.1952532,116.70840465
106.353653,114.8379768,116.63766300000002
106.585083,114.45523626666666,116.55675380000001
106.946136,114.1032699,116.46027376999999
110.834412,113.90395376666667,116.38955241
105.066818,113.58058366666666,116.27005717
106.686913,113.28356803333332,116.18144725
106.6036,112.94783246666665,116.07998157
107.353477,112.64200843333333,115.99078723000001
108.464417,112.38673220000001,115.9430804
107.853416,112.12061253333333,115.88137087999999
106.474007,111.90435963333333,115.81495311
104.289146,111.69207883333334,115.69805217
97.910515,111.1685653,115.53516985999998
95.466469,110.4904693,115.34949893000001
96.040459,109.83304260000001,115.15974788
101.548851,109.32205703333334,115.00644992
104.539131,108.85882970000002,114.89535273999999
104.881653,108.3729207,114.79144382
104.390999,107.79539106666667,114.67381763000002
99.72506,107.10288163333333,114.50457607
104.002151,106.72282536666668,114.38039989
102.178383,106.2838206,114.24303386000001
101.160019,105.83114496666667,114.09107882999999
103.974388,105.52542826666668,113.97286594
101.974693,105.13431549999999,113.84768848
104.21508,104.82986350000002,113.71875827
105.733368,104.59506660000001,113.61134356999999
106.751709,104.42708590000001,113.49841822999998
107.649734,104.37689896666667,113.38483645000001
107.770096,104.44746119999999,113.26686
105.464905,104.41783626666667,113.10408068999999
105.02977,104.36599249999999,112.95613132
106.659157,104.35642653333333,112.84209697
104.98349,104.1613958,112.74333629
105.835205,104.18700869999999,112.61821750000001
106.464729,104.17960256666667,112.50168834
106.196243,104.16602400000001,112.40908969
104.094742,104.0573995,112.3027264
100.965599,103.8074389,112.15797527000001
102.113564,103.6161105,112.00295383999999
101.447006,103.4485438,111.85324765
102.187614,103.37849273333333,111.71509495000001
102.557945,103.53340706666667,111.57935513000001
103.048599,103.78614473333333,111.42142666
102.557945,104.00339426666666,111.26025059
101.37294,103.99753056666665,111.07413777
103.798492,103.97284259999999,110.91338627
103.317093,103.92069059999999,110.74791287
103.492973,103.89075640000001,110.57194081
102.030258,103.96759633333333,110.37074307
103.557793,103.95278439999998,110.21173177
102.798645,103.9734598,110.02282589999999
103.437447,104.04937406666666,109.84270459999999
105.326027,104.0944287,109.69529302999999
105.31678,104.20583160000001,109.54539282
106.927628,104.29624986666666,109.41694654999999
110.241913,104.4465347,109.32016851999998
106.723946,104.44560926666666,109.19521490999999
106.048149,104.3922231,109.07004683
110.417809,104.48048020000002,108.99640891000001
111.584305,104.6844602,108.93793815000001
110.630745,104.87115936666667,108.85647643
112.186066,105.05538966666668,108.79324042999998
113.472885,105.3383695,108.75595962000001
112.945198,105.57536926666668,108.71570578999999
112.42453,105.7740293,108.66397842
112.554688,105.98597746666668,108.61631736999999
112.099144,106.25279086666666,108.55875556999999
108.566086,106.50614043333333,108.47765976000001
107.952477,106.70077086666667,108.38111961999999
107.589859,106.90553263333335,108.28629876
104.447342,106.9808569,108.15009919
106.158073,107.10086116666668,108.03662864999998
105.702499,107.18932450000001,107.92551467999999
109.049568,107.40571193333334,107.86833115000002
110.434891,107.70777696666667,107.81670624
110.91835,107.94510556666665,107.75913306999999
109.477264,108.1504446,107.68862373
110.52787,108.38494116666666,107.63267539
109.737572,108.64185163333333,107.57168105000001
109.533035,108.84102636666667,107.53739546000001
109.988617,109.0806921,107.53070593000001
109.096039,109.26931183333333,107.48550711
108.110535,109.36212876666667,107.40851897
107.106407,109.42178299999999,107.32195044
110.667328,109.54643966666666,107.25983954000002
109.970024,109.53737670000001,107.17518027
109.923523,109.64402926666666,107.07982627
107.496902,109.69232103333333,106.93762641000001
108.008263,109.61200283333332,106.81270561000001
105.228317,109.40013656666666,106.71095039
104.577499,109.1983617,106.60324012000001
102.727333,108.88307059999998,106.48311057
103.517616,108.5512283,106.38682784000001
101.32341,108.16383536666666,106.26298117999998
98.58065,107.70237270000001,106.11530127999998
99.789322,107.27686049999998,105.98542175
99.696365,106.86343453333333,105.8644741
100.979393,106.61054476666668,105.78271460999999
100.44014,106.36013353333333,105.73058372
99.31517,106.08431056666667,105.66019888999999
101.100266,105.97274136666667,105.60535071999999
99.780022,105.76013966666666,105.53368958000001
97.864746,105.49888123333334,105.40399292000001
97.948441,105.12884366666667,105.33280914999999
95.493919,104.63081126666667,105.22087921
93.625145,104.05437110000001,105.09109466
89.673714,103.39425276666667,104.91429703
90.147873,102.71491953333334,104.73113159
91.607574,102.11058626666667,104.56867317
92.937134,101.55738956666667,104.43330443999999
90.547684,100.90935846666667,104.29588982
92.528015,100.35709100000001,104.24206482000001
90.305962,99.76360523333332,104.19045974999999
89.868973,99.18902410000001,104.12874489
89.989838,98.49977443333334,104.01315475999999
89.534256,97.81858216666666,103.86310601000001
94.29454,97.29761606666668,103.75723488
92.453667,96.79617490000001,103.63786156
92.965019,96.29473343333333,103.57026115000001
86.856606,95.68234306666666,103.3988057
87.479507,95.11241,103.25181693999998
90.50119,94.7048719,103.14522865
89.655136,94.24278923333333,103.00203613
87.84214,93.79341356666667,102.8607106
89.58075,93.49341690000001,102.71436729999999
90.300537,93.17712406666668,102.56003899000001
87.888779,92.78353786666666,102.37140969000001
88.81424,92.37803276666666,102.18305475
88.795532,91.98987916666667,101.99330910999998
88.122475,91.61678933333333,101.81988481
87.58963,91.16643479999999,101.64548341
87.860733,90.76912516666667,101.45749916999999
90.337929,90.51823126666666,101.31104356
91.72142,90.3106639,101.16990571000001
89.982704,90.12695673333333,101.00508546
89.777054,89.99868703333333,100.84089357
90.562263,90.02830533333332,100.70556878000001
88.515076,89.97387876666667,100.58106355
89.833122,89.91473036666666,100.45825913
90.450104,89.83182936666667,100.34829011
90.590324,89.8332507,100.23231721
90.384682,89.76180626666665,100.11058458
93.974251,89.88408256666666,100.0198411
94.179909,90.02778043333333,99.93606074000002
94.881004,90.1908193,99.87114137999998
96.292534,90.41609523333334,99.7960818
95.226875,90.44717306666666,99.71517962
94.44165,90.51343916666666,99.62466639
94.52578,90.56546453333333,99.54962160999999
94.572517,90.82266156666667,99.45976885
95.591438,91.09305926666666,99.38769678
95.83448,91.2708356,99.31166711
97.760147,91.54100263333333,99.23600831000002
99.059509,91.91491493333334,99.17343559999999
98.900581,92.22557596666665,99.09316513
99.012756,92.51598326666665,98.98087356
99.003418,92.88647123333334,98.90366828
99.760597,93.25134980000001,98.84079276
99.209061,93.59846743333334,98.72870528
98.77906,93.95368693333333,98.60065283
98.330376,94.3117118,98.47764914000001
100.657997,94.73828726666667,98.36236845000002
102.41539,95.1408693,98.2517935
101.882561,95.479574,98.14116713
102.817337,95.9073951,98.04509519999999
103.87365,96.37728163333333,97.95828481999999
102.649094,96.780176,97.86378432
103.724083,97.28714289999999,97.81536428999999
101.461906,97.67476903333333,97.75045858
101.574081,98.04556826666666,97.6903008
101.910599,98.42291076666667,97.66493337
103.237991,98.8513544,97.63573255000001
104.733665,99.21000153333334,97.62604421
104.789742,99.56366263333334,97.58344594999998
102.686478,99.8238451,97.50596182000001
100.471039,99.96312860000002,97.40148871000001
99.93821,100.1201731,97.30609816999998
100.143852,100.3102465,97.20225798999999
99.059509,100.4613708,97.09547736
98.788414,100.6019007,96.98803114999998
98.227562,100.6897715,96.8704206
97.545135,100.74679333333333,96.75491156
91.440979,100.5361544,96.58821600000002
88.645966,100.1890363,96.40361159
87.627037,99.8132515,96.17320867999999
87.533554,99.43061143333334,95.94884398
88.973129,99.09626846666667,95.73934004
88.047699,98.70583853333332,95.54484800999998
87.690323,98.3218806,95.34166861
87.201279,97.93595456666667,95.16139822999999
87.26709,97.56717836666667,94.98829414
87.859596,97.140565,94.83961677
87.003754,96.62684379999999,94.67447815
84.962914,96.06285556666667,94.51087319
85.132202,95.47335106666667,94.37638871000001
88.292213,94.95396983333333,94.26141761999999
87.925423,94.4631808,94.1437082
88.931747,93.97010293333332,94.02323174000001
88.593163,93.54114483333333,93.90476197
89.552452,93.14042386666667,93.80713479
90.690445,92.76641873333332,93.70303658
92.072952,92.39425076666666,93.62596588000001
93.690575,92.02614776666665,93.58422417000001
94.433548,91.6809413,93.54907524000001
94.377113,91.40396246666666,93.53790718
93.91629,91.18547083333333,93.54081862999999
92.599602,90.94085056666667,93.57007750999999
91.903679,90.66617813333332,93.58763557
92.091751,90.43391953333334,93.59247734
92.759491,90.23295543333333,93.59070091
93.135696,90.06322656666666,93.61658103000002
93.051048,89.91342366666667,93.62181136
93.718796,89.9893509,93.6559397
92.947609,90.132739,93.68672606
91.54628,90.26338043333334,93.70229048000002
91.659134,90.40089976666667,93.72353926
91.358192,90.48040186666665,93.69417578000001
91.74379,90.6036049,93.68707701
89.655891,90.66912383333333,93.65398573
89.439613,90.74373496666666,93.6798158
90.201401,90.84154533333334,93.70703474
89.862839,90.9083201,93.70065123
90.380081,91.02086433333334,93.70790068000001
87.840805,91.11679403333332,93.70788732999999
86.561737,91.1644452,93.6776972
88.019493,91.15535453333334,93.65488676
88.781273,91.18388286666665,93.66381170000001
89.909843,91.21648606666668,93.67476773
90.182587,91.26946686666666,93.68863828000002
89.336159,91.26225709999999,93.70077512
89.844009,91.23404256666666,93.72331891
90.229622,91.17259823333333,93.7470078
90.925568,91.08043133333334,93.75288418999999
91.20771,90.97290339999999,93.74774708999999
91.621536,90.88105083333333,93.76413541
91.104256,90.78731636666666,93.77740742999998
92.909988,90.79766256666667,93.80088468
92.900566,90.83089213333334,93.84473958000001
93.888084,90.8907699,93.8852892
93.92569,90.9296432,93.92004506
94.010345,90.95879816666667,93.95424526999999
93.511902,90.97415996666665,93.98551746999999
92.787727,90.94312433333334,93.97365223000001
91.54628,90.89641336666666,93.94731594
90.916161,90.8754094,93.90766751000001
96.822357,91.04751683333332,93.91296574
98.129608,91.27323070000001,93.94199307000001
98.00737,91.4820167,93.97765027
99.737846,91.81808186666666,94.02977093
98.261307,92.11213833333333,94.06665883
99.49334,92.42186963333333,94.10567784999999
100.107964,92.7633738,94.14841269
101.630318,93.1383817,94.18711439999998
102.471878,93.62608413333334,94.22123809
102.887939,94.17029086666666,94.26111167
102.122032,94.64037549999999,94.29220443
102.05584,95.08286106666668,94.32272865
102.292229,95.49560726666667,94.34804496999999
103.5215,95.9402377,94.39116936
103.426918,96.40992966666667,94.43764793999999
103.275635,96.85765053333334,94.48710052999999
103.143242,97.28810453333334,94.51195297999999
103.408005,97.70418576666665,94.52187913
102.604279,98.08407140000001,94.52909631
102.925758,98.4608788,94.53018052000002
102.150391,98.82908330000001,94.51294793000001
101.715446,99.12259856666668,94.50361145000001
101.119705,99.39656986666665,94.47756766999998
101.006248,99.633842,94.47301109000001
100.230888,99.84401526666667,94.45957915999999
100.325439,100.0545184,94.44372755999999
100.921158,100.3014936,94.42055923
101.86673,100.60412703333333,94.39188988
101.838356,100.94719623333332,94.36237602000001
102.462425,101.3320717,94.36013548999999
99.777016,101.43056033333333,94.35319525999999
97.51709,101.41014306666666,94.32898406
99.701363,101.4666095,94.32455916999999
102.074745,101.54450613333333,94.35471152999999
105.686836,101.79202376666667,94.42369575000001
109.280029,102.11824673333334,94.53422042
108.665421,102.4034953,94.64542327999999
107.398338,102.59576263333334,94.80499687
107.388885,102.75966286666667,94.99242606
107.369965,102.90906373333334,95.18985534000001
108.381737,103.11772056666668,95.39833716999999
106.575668,103.2683815,95.57436256
106.736427,103.41652143333333,95.76124984
106.93499,103.53030443333334,95.95369650999999
107.748199,103.67434713333333,96.15916571000001
106.074532,103.7676437,96.34724012999999
106.897194,103.89277543333333,96.53761611
106.396011,103.99237563333332,96.73153868
106.849907,104.13389656666666,96.95040861
106.897194,104.26627776666668,97.16805853
107.691452,104.4509798,97.36205092
107.852211,104.65553863333334,97.56131880000001
109.73391,104.94267880000001,97.76934043
109.970291,105.24148023333333,97.98311170999999
110.95369,105.59890696666666,98.19712409
110.613289,105.9418353,98.39635253
111.227898,106.2853933,98.58790198999999
111.152252,106.59491069999999,98.76251875999998
111.076614,106.90285263333334,98.92894942000001
110.745667,107.1789607,99.09263496
110.688942,107.54269156666666,99.26036148000001
110.253975,107.9672544,99.43690521
111.246811,108.35210266666667,99.63033652999998
111.814163,108.67674993333334,99.82756065
109.298935,108.79715323333333,99.99295509
108.249344,108.76279706666666,100.14409157
107.530701,108.72497306666668,100.28888810000001
107.360497,108.7237117,100.42530511000001
105.422073,108.6581513,100.55004975
105.516617,108.59637303333334,100.68975311999999
104.385643,108.46316989999998,100.81701821
103.444695,108.35880413333332,100.93788324
104.936867,108.29881879999999,101.06981400999999
105.554665,108.25280796666667,101.22880175
105.383583,108.17398743333334,101.38824145000001
102.446762,108.05306176666666,101.51069506
103.055038,107.9249899,101.64261704999998
100.469864,107.72745166666667,101.74351488
101.800461,107.5591368,101.88311144
104.537682,107.48048639999999,102.06287089
104.499664,107.37409346666665,102.2276726
104.604233,107.26582753333332,102.3859022
106.19146,107.14774586666665,102.54871837
106.257973,107.02400193333332,102.70947222999999
105.716225,106.84941976666667,102.87327289000001
106.248474,106.70392593333334,103.03731754
106.039368,106.53097493333333,103.195415
105.93483,106.35706086666667,103.34550762
105.041428,106.155888,103.4838448
104.062485,105.93311526666666,103.60825429
104.452164,105.72522266666667,103.74173337
103.701324,105.50680096666666,103.84964673
104.499664,105.28189606666666,103.96563771
105.526154,105.07229576666667,104.08201841
106.562119,104.98106856666666,104.20838269999999
108.301384,104.98280323333333,104.35129309
107.683624,104.98790066666666,104.49301031
109.479942,105.05854883333335,104.65993246
109.479942,105.19381113333334,104.83926908000001
110.078697,105.34588046666666,105.03089444
110.221268,105.5404013,105.16488355000001
110.858055,105.7875133,105.29216801999999
111.152687,105.9947073,105.42362118999999
111.257248,106.1847934,105.53881521
110.525406,106.3561875,105.66145619999999
110.743988,106.6327617,105.77396268000001
111.447319,106.9125044,105.88735623000001
110.972122,107.26257966666667,105.98077427
110.943588,107.56735056666666,106.06549137
110.078697,107.75205106666667,106.13739894999999
110.392334,107.94847340000001,106.22010197
110.268791,108.13729200000002,106.30223147999999
110.829552,108.29189506666667,106.38760471000002
112.065109,108.48546626666666,106.47304079999999
113.09156,108.73131076666665,106.56968722000002
113.20562,108.96321563333332,106.66898707
113.813881,109.22236606666667,106.77569346
113.338661,109.46916043333333,106.87500001999999
113.139084,109.7390823,106.98034807
114.051498,110.0720494,107.09160546999999
114.041977,110.39170983333334,107.21052132999999
113.842407,110.72974593333333,107.33179093999999
114.051498,111.04814040000001,107.46110887
114.127533,111.33485303333333,107.59232171999999
114.022987,111.58354863333332,107.73024271
115.838295,111.834779,107.88537127000001
115.89534,112.10850286666667,108.03511309
115.904839,112.3226661,108.17549418
115.600677,112.5266906,108.31311738999999
115.334564,112.70188616666665,108.44183878
122.367752,113.10676896666668,108.66774614
122.158661,113.48345583333334,108.91416185
122.681389,113.8677459,109.14396211000002
123.831421,114.286885,109.36152887
125.009926,114.76970233333333,109.55475977
125.494637,115.26139063333333,109.71690585
126.401474,115.75986246666666,109.89426638
126.11512,116.26462906666666,110.0814342
127.231926,116.80757366666667,110.27986460999999
128.883331,117.4343948,110.49499827
129.351059,118.06635229999999,110.70469149
129.198318,118.69733653333333,110.93091799
129.551529,119.32140243333333,111.15906901
130.486969,119.93546443333334,111.39458880000001
130.878326,120.52835663333333,111.62589006999998
130.324677,121.09899186666667,111.86839152
130.448807,121.6534894,112.10390765
130.706482,122.23241676666666,112.34701236000001
130.763809,122.8199076,112.58615138
133.436508,123.4660746,112.85154451999999
132.644257,124.08615060000001,113.10107257
133.426956,124.73896889999999,113.35682002
133.006958,125.37081756666666,113.5895505
133.178802,126.00585986666667,113.82163561000002
132.682419,126.62784093333333,114.0389229
132.376953,127.17912953333332,114.25655954
132.816055,127.74315336666668,114.47244111
132.873306,128.3087689333333,114.68965165000002
132.672867,128.87784193333334,114.90561417999999
134.07608,129.50255913333334,115.13891831
134.295593,129.90015383333332,115.37498482
133.627457,130.28244703333334,115.60871964
135.030609,130.6940877,115.84655762
133.484238,131.01584826666667,116.06325837
134.992432,131.34859846666666,116.32019334
134.515152,131.64928229999998,116.58285141999998
134.247864,131.91082863333335,116.85002305
134.47699,132.18955763333332,117.12118798
137.264267,132.523969,117.43960992000001
137.569687,132.8135142,117.76014062
137.388336,133.08142343333333,118.09016754999999
137.13063,133.34583383333333,118.42702689999999
137.168839,133.59974416666668,118.74934662
138.190186,133.85651806666667,119.07570183
137.474258,134.07638246666667,119.39660857999999
137.13063,134.30324756666667,119.74344726000001
136.825165,134.51579283333334,120.08114853000001
136.662872,134.71433916666666,120.44307860999999
135.192902,134.8619756,120.77700302000001
135.355133,134.92592976666666,121.08517753
134.639252,134.9924296,121.38657341
135.383804,135.0576578666667,121.69436911999999
134.78244,135.1168406,121.98027892
134.286041,135.15374856666665,122.2605596
135.966064,135.2632034,122.56305799
135.803802,135.37743170000002,122.85861127
137.111542,135.5206146,123.16933300999999
137.961105,135.6902079,123.48959575999999
137.149704,135.8394358,123.81067852
137.254684,135.94538926666667,124.14260051
137.121063,136.0395716,124.46928950000002
139.917923,136.2492538,124.83145549
140.805634,136.44175463333335,125.19451519
140.376114,136.67148383333333,125.54301479
139.870178,136.83407536666667,125.87609538000001
142.189713,137.08989406666666,126.21497867
146.055664,137.48348739999997,126.59869906999998
146.991104,137.90062453333334,126.97381069
146.294296,138.2016255,127.34195423
147.559479,138.53461856666667,127.71676205
149.620255,138.9423492,128.11075191999998
149.236862,139.34589026666666,128.49453999000002
149.016388,139.74080856666666,128.87317700000003
144.013092,139.93490543333334,129.20073544000002
146.208008,140.2260304333333,129.55756146
146.706436,140.54522396666664,129.91718594
147.597839,140.9043131,130.27869113999998
147.415726,141.26274156666668,130.64312718
146.974854,141.6554733,131.00343984
147.482788,142.05972846666666,131.37748075000002
147.233627,142.4795409666667,131.74589368
147.291138,142.8764521,132.11611715
146.418884,143.2643335666667,132.47201047
146.821457,143.68218076666668,132.81957395
148.997253,144.11655373333332,133.17863088000001
147.540314,144.50777079999997,133.52197782000002
148.038742,144.87201080000003,133.86422643
148.920578,145.23732656666664,134.22004560000002
148.55632,145.61754710000002,134.57421796
142.795761,145.80224966666665,134.86166058999999
139.383591,145.8776672666667,135.11507673
140.505005,145.89723666666669,135.38170271
139.134399,145.84152883333334,135.63253172
138.300461,145.7723404,135.87426100000002
136.364365,145.65547996666666,136.09767478
140.265381,145.5913355666667,136.34194564
138.990601,145.35583346666667,136.57289825
139.814896,145.11662653333332,136.81199881999999
139.5849,144.89298000000002,137.05184105
140.207886,144.6479269,137.30057427
139.766998,144.319485,137.47456673
137.763718,143.93704686666666,137.6306173
139.776566,143.6290528,137.80156907
137.71582,143.41914373333333,137.94041306
138.041687,143.14693303333334,138.07073067
137.543259,142.8414938,138.19121689
138.108795,142.52519233333334,138.3082901
136.805237,142.17150936666667,138.41519127
138.195053,141.8788493333333,138.52482254
139.038498,141.597373,138.62637421
139.489014,141.33921923333335,138.72775375999998
139.690308,141.08585823333334,138.83267366
141.636063,140.92643086666666,138.953519
142.853317,140.79415953333333,139.07718248
143.351715,140.60597493333336,139.20191637
143.850143,140.48296923333334,139.33717103
144.751129,140.37338213333334,139.48019424999998
144.09935,140.21267453333334,139.61412293
144.032257,140.06187243333335,139.74680741
145.776718,140.16123766666666,139.87020951
146.399719,140.39510860000001,140.00776413
147.089874,140.61460423333335,140.14439331
144.310242,140.78713233333335,140.25742615
143.294235,140.95359146666667,140.35858048
142.556168,141.15998489999998,140.45731797
143.821396,141.27851873333333,140.57176239999998
150.617081,141.66606806666667,140.74977266
149.112244,141.97597966666666,140.91216204
149.898209,142.31975663333333,141.08441546
152.217773,142.7200862,141.26583239
153.435043,143.17568769999997,141.45722689000002
154.374359,143.7293757333333,141.66469590999998
149.457245,144.05206503333332,141.80896227000002
151.535736,144.5127289,141.98947725
153.816269,145.0385483,142.17771562
155.500198,145.63711293333333,142.38756608
154.874756,146.1959783,142.593835
151.901367,146.69918263333335,142.76807877
151.554993,147.14451396666666,142.91098603
151.275925,147.5524282,143.04804841
153.748917,148.02775830000002,143.21165422
153.94133,148.50279236666665,143.37976122
153.258148,148.89019520000002,143.54065431
153.825897,149.25594786666667,143.69701142
155.375107,149.6567276,143.87601991000002
156.760773,150.0870819333333,144.07232134
157.184158,150.50151623333335,144.27591127
157.809616,150.95852509999997,144.48737871
157.857742,151.4193746,144.71402711
155.962082,151.75888673333333,144.9200966
155.798492,152.07217916666664,145.131689
155.173035,152.34161786666667,145.32958131
152.642319,152.61935376666668,145.5081801
155.403992,153.02301233333336,145.71935961
154.788162,153.43074546666668,145.90758059
153.623825,153.7574931,146.08578082
152.305511,153.81377410000002,146.23772051000003
153.845123,153.97153673333335,146.39656069
152.680801,154.0642898,146.55187166
152.738541,154.0816487333333,146.70671023
150.178955,153.9731124666667,146.83728915
147.600113,153.74730426666667,146.91411105
146.156723,153.63728686666667,146.96762194000002
144.86731,153.415006,147.0125339
147.359528,153.19978129999998,147.0874274
148.408386,152.96338756666668,147.14961413
147.494278,152.71737163333333,147.16400027
148.302521,152.5974101,147.17711444
148.004257,152.47905223333333,147.19421405
148.648956,152.3914866,147.20510882
147.686707,152.18941293333333,147.18577334000003
149.524597,152.0421885,147.18865069
149.437988,151.91484983333336,147.19286669
149.957611,151.78590696666666,147.25231188
150.015335,151.6072479,147.29038515
150.640839,151.4032501,147.32972918
150.111603,151.16749826666668,147.35486682
151.06424,150.9426524,147.39135196
153.845123,150.80889843333335,147.46005465
154.412857,150.75725760000003,147.52935534
153.729675,150.68829703333333,147.59431582
150.092331,150.51894023333332,147.62232774999998
150.352158,150.44260153333335,147.66166049
150.275177,150.2716410333333,147.69619769000002
151.170074,150.1510381,147.71792589999998
150.506119,150.04711456666666,147.74758394999998
151.468338,150.01920879999997,147.78187991000001
156.895462,150.12088676666664,147.86162875
160.426956,150.37909193333334,147.98033511
162.659363,150.709786,148.17897113
160.59053,151.05683850000003,148.39104052000002
161.764496,151.5289846,148.60363543
165.988785,152.1900533333333,148.87217929
167.672714,152.95023346666667,149.16590182
168.211563,153.6453013,149.48437380000001
169.587601,154.35127513333333,149.777596
169.241196,155.0761724,150.08010195
168.681061,155.75545706666668,150.3687636
168.005066,156.4221507,150.65296526
165.46524,156.9826935,150.90553880000002
163.282715,157.50256043333331,151.14069597
165.23349,158.02619020000003,151.41539369
164.31604,158.52212526666665,151.66078843000003
164.151901,158.99526826666667,151.92514924
167.203537,159.5682083333333,152.21676774
168.961121,160.1788844,152.53094636
168.970795,160.80752413333332,152.83956636000002
168.120956,161.37608133333333,153.15272355
167.135941,161.81910860000002,153.44213243000002
163.669067,162.12764893333332,153.68843812
165.957764,162.5352519,153.95312561999998
165.185196,163.03834740000002,154.2080745
163.978043,163.49254356666668,154.43149430000003
163.823517,163.9441549,154.6411963
163.215149,164.3456574,154.83983064
163.514542,164.77927150000002,155.03647463
163.562775,165.18241940000001,155.22459109000002
166.749649,165.5108923,155.45109408
165.812897,165.69042366666665,155.66890048
166.363358,165.81389016666665,155.87476688
166.315079,166.00470846666664,156.07392048
168.005066,166.21272746666668,156.2830724
170.371078,166.35880390000003,156.54368076
168.555511,166.38823046666667,156.79629352
168.37204,166.3935797,157.05445224000002
169.00943,166.37430733333335,157.30633258
169.00943,166.3665818,157.49025607000002
164.72168,166.23460243333332,157.64635043
164.750641,166.1261216,157.79487475
165.214188,166.1177532,157.9248389
163.427597,166.12258260000002,158.02476444
166.353714,166.1599234,158.14455799
166.324722,166.22687946666667,158.31323276
167.09729,166.3250591,158.4688483
168.999741,166.38493256666666,158.62068302
168.37204,166.36529653333335,158.74940144
168.352722,166.34469410000003,158.8841811
168.314102,166.3511323,159.04830844999998
169.270157,166.42227283333332,159.22546008999998
171.018112,166.66724100000002,159.42288195999998
170.148972,166.80694793333336,159.58688251
172.959213,167.06608183333336,159.77706134000002
173.113693,167.3706035,159.97561679
172.341141,167.6545243,160.16076923
170.931198,167.91172593333334,160.31633014
170.969803,168.16023463333332,160.45842044
168.246521,168.3163595,160.56904407
165.243134,168.26614233333333,160.64337925
165.62941,168.26002609999998,160.72109593000002
162.201141,168.12128553333335,160.78348652
161.245102,167.95228630000003,160.83795262
161.689316,167.74176129999998,160.90311542999999
162.027328,167.4636363,160.99696552
154.996933,167.01168370000002,160.99289493
151.124405,166.43676253333334,160.95625736
157.440155,166.05112003333335,160.99442066
154.069824,165.55313316666667,161.01206378999998
149.830368,165.0567561,160.97191624
151.66301,164.6205017333333,160.96173833
157.77179,164.3724218,161.01207082000002
159.352325,164.2365794,161.10380451999998
162.290359,164.1011342333333,161.25070698
167.739807,164.1483037333333,161.46653781999999
167.196793,164.15162049999998,161.68983265
166.634399,164.0727757666667,161.88258136000002
165.878067,163.98964333333333,162.05727817
167.264679,163.9533752333333,162.25498217999998
170.173615,164.01535900000002,162.47369312
173.538284,164.1576299,162.72903338999998
172.975922,164.22289023333332,162.97230305000002
172.714111,164.30839486666667,163.22257709
169.688766,164.19937996666664,163.42421878
170.862076,164.12432606666667,163.63845966
171.453583,164.09474080000004,163.85341938000002
171.308121,164.1073049,164.06634724
169.717896,164.06557466666666,164.25711781
171.569931,164.176355,164.47170108999998
174.517639,164.48550516666668,164.70623508
176.204834,164.8380193,164.92983219
174.507965,165.24824676666668,165.13078327
173.024384,165.64088950000001,165.32373036
173.228012,166.0255127,165.55508717
172.617157,166.37850699999998,165.77773716
169.979706,166.87793276666665,165.97478245
169.921524,167.5045034,166.16229694999998
166.072006,167.79223176666667,166.31795582000004
163.725449,168.1140859333333,166.44052693
159.934097,168.4508769,166.47091328000002
167.526505,168.97966006666667,166.54190876999996
163.230911,169.16163076666666,166.54762425
161.427368,169.23079886666667,166.55599263
162.687927,169.24405113333336,166.56522694
161.621307,169.04010113333334,166.52155216
163.279419,168.909522,166.47761921
166.401688,168.90176496666666,166.45952046
167.555557,168.9576813,166.43920002
163.269745,168.82451683333335,166.37948551000002
164.889023,168.64836376666665,166.34156513
167.991928,168.46348523333336,166.34143375
167.206497,168.27117106666665,166.35884632
168.854919,168.14253133333332,166.41456836
169.426971,168.13380483333333,166.45650317
170.483932,168.12120003333334,166.51818209
172.83046,168.16709593333331,166.60496768000002
172.442596,168.20491176666664,166.65735827
167.555557,168.13283380000001,166.64330263
160.69043,167.7701837666667,166.56049898
160.225021,167.29376316666668,166.48153963000001
157.994827,166.6867629333333,166.39012849
158.683258,166.1592727,166.3402704
159.235962,165.6996586333333,166.27305238
157.393631,165.17184593333334,166.19513672999997
160.2444,164.75942070000002,166.1578003
163.967834,164.55902496666667,166.15924347
171.211151,164.60201253333332,166.23920349
171.521423,164.78365976666663,166.31927230000002
178.250809,165.26783843333334,166.46615264
179.540436,165.92138306666666,166.59406051
180.403427,166.3506138,166.73996581
181.673676,166.96537263333332,166.89306899
184.272324,167.72687116666665,167.07264144
183.571487,168.42298983333333,167.22830565
183.143204,169.1403864,167.35602691
181.478729,169.74703006666667,167.48525909
183.172379,170.3060531,167.63326248
182.014069,170.7880035,167.76330887
181.352158,171.3907506,167.88673615
182.637039,171.98235113333334,168.06588974
182.179535,172.45527136666666,168.24017867999999
183.347641,172.9933095,168.42151320999997
183.143204,173.46958566666666,168.61866928
183.561768,173.94074556666666,168.79074981999997
182.899872,174.35461023333335,168.95650132
182.510513,174.67727866666667,169.11063355000002
181.897247,174.99243370000002,169.23960861
185.177567,175.5798340333333,169.40766388
186.725281,176.44766239999998,169.59138947
188.165878,177.37902429999997,169.78990722999998
188.818054,178.4064652,169.9853862
188.311905,179.39408676666667,170.15832413
186.59874,180.30617936666667,170.32282181
186.141235,181.2644328333333,170.45464203
187.1633,182.1617295,170.5951381
185.625336,182.88364623333334,170.72798005
185.722702,183.36736460000003,170.87589508999997
183.814865,183.777146,171.00434570999997
183.717484,183.9593685,171.15905534
180.748672,183.99964303333334,171.31411072000003
181.537109,184.03743243333332,171.47318771
180.524796,183.99913643333335,171.65642426
179.99913,183.8566966333333,171.84396454
177.322327,183.64839130000001,172.00029465
179.522186,183.52769069999997,172.17524323
179.259369,183.45371203333335,172.41786759
180.563736,183.36675726666667,172.7122609
180.184082,183.3057577,172.93970017
182.199005,183.33398593333334,173.22099198
179.025772,183.21361036666667,173.51294602
180.46637,183.15650486666667,173.80097962
182.967972,183.14384923333333,174.05294143999998
185.508545,183.22269393333335,174.31450364
185.284698,183.28012493333333,174.54444703000001
182.880386,183.2794754,174.69585282
185.946564,183.39401043333334,174.88335053000003
186.238571,183.53872123333335,175.07939224999998
185.829773,183.56046143333333,175.27890931000002
186.355377,183.5481313,175.46981629
185.333313,183.45371246666667,175.62141327
186.773956,183.38557586666667,175.75376999
186.345688,183.3200353,175.88746765
186.511108,183.31711423333334,176.02543762000002
187.864151,183.37454476666667,176.20719147
189.635712,183.45695849999998,176.39492782999997
189.041946,183.5708455,176.57081146000002
185.897903,183.57668553333332,176.71670928
184.856369,183.61140233333336,176.86809401000002
185.226242,183.66169426666664,177.00465711999996
196.137955,184.17467036666667,177.22086028
201.871216,184.85247393333333,177.4775241
202.455231,185.58348843333337,177.75699676
203.5065,186.36706743333335,178.06181791999998
201.598648,187.1762781333333,178.34552427999998
201.734955,187.91670376666667,178.63670226
203.321579,188.71877743333334,178.97012099000003
202.715927,189.4571838,179.29806502
204.024841,190.25187576666667,179.67759336999998
204.884491,191.00805863333332,180.08918379
205.363083,191.885969,180.54347364999998
208.371658,192.81614526666667,180.95192518
212.532806,193.80163973333336,181.44494413
210.462006,194.63342176666666,181.93529051
210.051727,195.4589894,182.40892851
210.061523,196.3650273,182.89333067000004
210.491318,197.18318576666664,183.36544965999997
211.145767,198.0134256333333,183.81289045000003
212.88446,198.91524853333334,184.26617948000003
214.603638,199.85685723333336,184.77951841
217.807571,200.9393325,185.30870389
219.809998,202.0405339,185.82688459000002
222.349686,203.24066716666667,186.37831648
223.062759,204.45905553333336,186.92039488000003
221.607346,205.58382870000003,187.44219862999998
217.924789,206.52679793333334,187.9166072
216.16655,207.4309514,188.3499681
213.265411,208.34320166666666,188.75819625
218.65741,209.4699030333333,189.26921478
215.941879,210.4937576,189.82172927
221.15799,211.32775876666668,190.43105895999997
218.647614,211.88697203333334,191.03758683
212.825882,212.2326604,191.57901307
213.177521,212.55502776666665,192.11842865999998
213.304474,212.94522196666668,192.67753709000002
214.92601,213.3849238,193.22435319
212.610977,213.69457039999998,193.71078461999997
215.668365,214.12631833333336,194.15535676
217.035889,214.56001993333334,194.61050142
215.306931,214.90743460000002,194.98106263999998
219.731857,215.38639373333334,195.38297685
220.50354,215.7907898,195.78397797999997
221.988266,216.1059718,196.18712388
223.961426,216.5559524666667,196.5840149
226.686707,217.11045180000002,197.01516709999999
222.70134,217.53177903333332,197.41074846
219.087158,217.81830703333335,197.78683275
218.579269,218.06609043333336,198.14090165000002
221.607346,218.35685329999998,198.53683442
211.34111,218.24810236666664,198.83672394
209.475433,217.97036443333334,199.10510788
216.957748,217.87528943333334,199.45289001
212.317917,217.54089713333332,199.74259277000002
216.996811,217.33869886666665,200.08112884000002
216.059097,217.15375723333332,200.40610213
211.008987,216.92323050000002,200.68719328
214.222672,216.8584345666667,201.00431486999997
215.531601,216.93397423333332,201.34065841
217.563354,216.89750569999998,201.66451628
210.100586,216.70279593333333,201.89826933
214.70134,216.48757426666666,202.16362395
211.282532,216.24207153333333,202.38826873000002
207.316696,216.05843199999998,202.57831663999997
208.352112,215.89758503333334,202.79585036
213.783142,215.91354063333333,203.07226943
217.065186,215.9848465,203.37128829000002
202.667099,215.6533839,203.54170592
196.913727,215.0282293,203.65361617000002
199.043182,214.4284724,203.80589934
205.079803,214.08756813333332,204.01952253
204.364258,213.57531483333335,204.25567838999999
200.423798,212.9059901,204.44454528000003
190.327621,211.8506352666667,204.54257353
188.426025,210.66612189999998,204.62684248000002
183.103485,209.21334783333333,204.68465406000004
187.622253,208.04404493333334,204.76565473
189.700302,207.06448306666667,204.87006406
182.182083,205.85124353333333,204.88624753
173.477814,204.2469258,204.81918485000003
173.281754,202.97828059999998,204.73001234
168.8806,201.6251195,204.62856062000003
171.164505,200.09867806666665,204.53554196999997
170.792038,198.71448210000003,204.41378263000001
177.359451,197.39323676666666,204.33229168999998
175.996933,196.0578313,204.23941404
175.046158,194.85907033333334,204.16107176000003
181.162659,193.75706989999998,204.11323270999998
173.193542,192.34580126666665,203.98278242
171.262527,190.80244036666667,203.83710996
165.155823,189.3042816,203.62511442
166.243851,187.68903196666668,203.4342198
165.293045,186.15604906666667,203.21941069000002
165.753738,184.77061713333333,203.01349119000002
167.567123,183.4111175,202.82405134
162.205368,181.69185836666668,202.56746351
160.695862,179.81288089999998,202.27806501000003
162.783722,178.48343500000001,202.01548277
157.706192,177.17651716666666,201.73356565999998
153.726532,175.66596216666667,201.42226728999998
147.747253,173.75487716666666,201.04747740000002
143.924454,171.74021703333332,200.52534239
154.059814,170.1947509,200.04722837
153.059998,168.95249679999998,199.55327604
153.138428,167.77624356666666,199.04959532
154.618546,166.8267456,198.57979430000003
154.794983,165.73250326666667,198.11039458000002
139.376251,164.05503489999998,197.47094129999996
145.326126,162.82650299999997,196.89704329
145.002686,161.87733206666664,196.30682173999998
147.766861,161.02683563333332,195.73564544
150.276199,160.40668893333333,195.1847766
150.756531,159.72642313333333,194.60862533
149.276382,159.0092346,193.97606109
147.031708,157.99830983333334,193.34175811
150.04097,157.13311106666666,192.74165053999997
151.873962,156.36070453333332,192.15977493
152.775742,155.4144739666667,191.58261917000004
153.716751,154.7652476,191.00832901
150.266403,154.06537680000002,190.38214843999998
150.87413,153.58932036666667,189.74485335999998
149.678253,153.03713376666667,189.06356018000002
154.638153,152.6819707,188.41184173000002
153.207047,152.2637476666667,187.72041534
151.61908,151.73214623333334,187.00597855
161.979935,151.72463179999997,186.40970444
163.146362,151.80631513333336,185.86192017000002
163.224792,151.82101746666666,185.33250259
167.861191,152.15951743333335,184.87846039
170.733215,152.72640686666668,184.39921844
170.792038,153.49456636666667,183.94772003000003
167.557327,154.28232880000002,183.4117134
167.754227,154.73880923333334,182.90277953
166.789474,155.19645843333333,182.44241544999997
168.22673,155.69940183333335,181.99290754
167.527786,156.12970983333332,181.53514066
168.138153,156.57448216666666,181.06726209
167.764069,157.5207427666667,180.61879301000002
168.266098,158.2854085,180.14477034
169.348969,159.09695126666668,179.66790114
168.394089,159.78452553333332,179.19877272000002
170.274307,160.45112913333332,178.70419722
171.514664,161.1430669,178.21430846000004
171.613113,161.88762459999998,177.71055693000002
172.144699,162.72472430000002,177.19238966
170.451508,163.40507556666668,176.63003766999998
172.243118,164.08404743333332,176.12545544999998
173.109436,164.7618372333333,175.66567823000003
172.794403,165.39775896666666,175.20782957
171.800171,166.11555123333335,174.70975782000002
169.811646,166.74680176666666,174.29446318
170.215256,167.4313685333333,173.90186141
176.111877,168.14715933333335,173.49340270000002
178.090576,168.9766103,173.15112929
178.878098,169.8852442333333,172.76994216
180.866608,170.5148,172.41801727
183.21936,171.18389993333332,172.140121
185.089767,171.91273243333333,171.84879195000002
183.622986,172.4381256,171.52970580000002
185.227585,172.92127126666665,171.20634811
192.049561,173.62985536666667,171.02583786
188.07254,174.3136958,170.75954986
185.798523,174.91517233333335,170.50470976999998
183.878922,175.4848206,170.27033203
185.532745,176.06168776666667,170.04213836
185.778839,176.6700562,169.76209533000002
186.989685,177.29844060000002,169.46134032
188.259598,177.98162489999999,169.31726531
190.996262,178.73929703333337,169.25809066
192.305542,179.5045161333333,169.19071426000002
192.640213,180.31272026666667,169.06631836
193.929794,181.1012365,168.96197371999997
196.981491,181.95013073333334,168.92755065
196.390839,182.77605493333334,168.98818283
197.493378,183.6210109,169.07885636
195.849411,184.46760766666665,169.20631562
195.77066,185.2518590666667,169.28779969000004
196.125046,186.01904606666668,169.35204713
196.144745,186.7973908,169.49167375000002
199.964279,187.7361944,169.75653839999998
200.682907,188.76523643333334,170.03054992999998
201.342468,189.8028101666667,170.35516861
204.246475,190.7406301,170.68598831000003
203.931473,191.60199333333333,171.01738265999995
202.08078,192.37541606666667,171.26459595
201.116043,193.0503972333333,171.51578705
201.421219,193.65712586666666,171.77953766
197.542618,194.07222090000002,171.94333725
207.23912,194.85942536666667,172.28379303000003
205.890457,195.54818776666667,172.63007233
208.449951,196.09486743333335,173.06301361
205.230911,196.6668131333333,173.45288421
199.698502,197.1301457666667,173.79693877999998
199.737854,197.65877683333335,174.13677993999997
197.591827,198.06074623333333,174.43702697999998
194.854507,198.36326850000003,174.76351836999999
183.529678,198.24793493333334,174.99185653
186.434998,198.18711493333333,175.22836928999996
188.668335,198.10951736666667,175.53799072
187.838257,197.96060786666666,175.87910797
186.770996,197.7649673,176.2693454
180.930695,197.331664,176.63940780999997
184.399307,196.91225786666664,176.94280273999996
180.624329,196.38670753333332,177.21844605
177.541138,195.72163286666668,177.46247315
176.859283,195.0886286,177.68488051999998
176.128006,194.43387346666665,177.89821075
175.288025,193.7393061,178.25732849
176.197189,193.07438756666667,178.56603912000003
173.00528,192.17575426666664,178.84606506
171.256134,191.1948618333333,179.08095778999999
177.521378,190.4008255,179.35340958
180.387146,189.60551453333335,179.64971573000003
183.035568,188.90898436666666,179.98730758999997
187.90741,188.4365387,180.39606461
190.308762,188.076296,180.79874253000003
192.512451,187.7793370666667,181.20512742
191.89978,187.59124246666667,181.59636779999997
191.860229,187.07861276666665,181.97780258
190.466873,186.5644933,182.37980728000002
191.603317,186.0029388333333,182.78709915
196.109528,185.69889273333334,183.2514119
195.536377,185.56015523333332,183.66039414
197.10762,185.47248076666665,184.09939986999998
196.435623,185.43394063333332,184.54756529999997
196.237991,185.48005676666665,184.89014585999996
193.263504,185.80451763333335,185.19131728
197.443619,186.17147166666666,185.53350554999997
197.384323,186.4620046,185.82873687
195.58577,186.72025503333333,186.07726241999998
199.172989,187.1336548,186.36107193
200.33905,187.78059996666667,186.68888916
201.999237,188.36726430000002,187.03133925999998
201.82135,189.07383166666668,187.38165802000003
197.661011,189.74449409999997,187.67600082999996
198.866638,190.4780726,187.98938935
200.83316,191.30157773333335,188.31633942
199.370621,192.10433093333333,188.63240494000001
200.902344,192.9278361,188.9587674
202.78981,193.9206537666667,189.29317581000004
202.088181,194.94838866666666,189.63011673
200.951736,195.7294006,189.93689102
203.234497,196.49097896666666,190.25408935000004
200.200699,197.06315,190.53996520999996
204.776108,197.62543993333333,190.86627929999997
206.376984,198.16104733333336,191.22553406
206.209015,198.61759946666663,191.56519303000002
204.578476,199.04022266666664,191.87988342999998
205.289978,199.48788096666667,192.20483918
207.207077,200.04588776666665,192.55890824000002
206.317688,200.53636680000002,192.92396865999999
210.527466,201.0169647333333,193.32709076
205.971817,201.3648127333333,193.62569015999998
201.613846,201.51502026666668,193.86092286
191.059784,201.33582563333331,193.98273971999998
194.67662,201.28377993333334,194.12083984
196.692566,201.398082,194.2555719
201.030792,201.51765443333335,194.41498215
199.374222,201.5839844,194.57249450999998
198.868317,201.69340263333333,194.70890183
207.290085,201.9639725,194.86130707
201.120071,201.99000653333331,194.99178238000002
200.118195,201.92730513333333,195.1349791
204.83992,202.02792413333333,195.34458908
208.658981,202.39452313333334,195.57585144
208.6689,202.72126519999998,195.80475205
210.930573,203.05784563333333,196.04416093
210.752029,203.43722590000002,196.26908524
201.010971,203.4408468,196.36923233000002
204.830002,203.5088532,196.49447693
202.518738,203.5232051,196.59326218
203.877731,203.62073826666668,196.69274155
207.329742,203.75724643333334,196.79622406
207.06192,203.9859538,196.90293487
204.046341,203.96162823333333,196.9684645
207.508316,203.9993393,197.08505355
211.565414,204.17788593333336,197.24300109
211.545578,204.4101226666667,197.39720641
212.448273,204.6487325,197.56024169
214.957916,204.90709379999998,197.71017806
221.792542,205.42292226666666,197.92127441
221.296555,205.7818919,198.12081528
216.991455,206.1492131666667,198.24826507999998
218.132202,206.69982503333333,198.39027237000002
218.925781,207.6286916,198.55872238
220.979141,208.5054423,198.75735335999997
219.183701,209.25514680000003,198.93497818
215.97963,209.7534414,199.1193483
216.961685,210.33969016666666,199.21657395
215.930038,210.9084142,199.31696976
219.253113,211.3071818,199.42500138
218.122284,211.87392223333333,199.55391511
217.060898,212.438679,199.72753907000003
222.169479,213.01633096666666,199.95185532
222.7845,213.4871816,200.20378205
217.199768,213.7715438666667,200.42723465999998
219.0448,214.0420181,200.78238588
225.185043,214.52311856666665,201.16988633
225.234634,215.330574,201.53554932
222.596024,215.92277473333334,201.88312699
225.204895,216.67897996666665,202.26746598000003
228.24028,217.49106493333335,202.74056183000002
234.311081,218.3904429,203.23967957000002
233.973816,219.2875061,203.77317444
233.428253,220.26690316666665,204.33204558999998
232.48587,221.09948830000002,204.88831146
233.388565,221.82692666666665,205.46091704999998
234.509491,222.59239043333335,206.05313171
238.576508,223.46333159999998,206.6769249
238.030945,224.2324325666667,207.32718155000003
241.225052,224.8801829,208.02687073
241.621826,225.55769193333336,208.66787521000003
244.597717,226.47790066666667,209.30998092
247.047867,227.4417561666667,209.95010391
241.334152,228.18870186666666,210.48437133
241.304398,228.86621043333335,210.99432768999998
246.760193,229.78542683333333,211.53680511000002
253.763443,231.04488726666665,212.15544174000001
255.429932,232.32716216666668,212.79113877
255.062927,233.6315918,213.43709930999998
255.172012,234.82888843333333,214.07278626
258.117004,236.1620457666667,214.69286102
258.823456,237.55413103333333,215.32573181
260.873016,238.84424893333335,215.96338577000003
260.634216,240.10590613333335,216.6053717
263.131531,241.6369649,217.27430710000002
261.310791,243.04583126666665,217.95477996999998
264.415009,244.3534968,218.62449387
265.74823,245.70395,219.30813294
264.942322,247.11549326666668,220.00169846
261.858032,248.3372645,220.62854889
260.68399,249.4187215,221.23199829
260.455139,250.2901901,221.81655730999998
265.021912,251.32512663333333,222.44856292999998
262.952423,252.30926563333333,223.10147705000003
266.484467,253.4425522,223.77765534
265.897461,254.52618206666665,224.42829835
262.82309,255.46996869999995,225.06282304
258.136963,256.1219838666667,225.63516923
260.415344,256.8681305,226.21142457000002
264.235901,257.6351588,226.83290176999998
269.339935,258.55909576666664,227.51678376
265.569122,259.2581426,228.14013001
267.121246,259.9272552333333,228.80933548000002
269.399658,260.86277210000003,229.45557098
270.086151,261.82216386666664,230.09266265000002
273.757477,262.7220733333333,230.76814727000001
278.443604,263.5447453666667,231.50679855
278.990875,264.33011013333333,232.24380752000002
278.324249,265.1054875333333,232.95497924
278.602814,265.88651426666667,233.67783049999997
278.025757,266.55013936666666,234.35281340999998
282.562683,267.3414469333333,235.11872207
282.831299,268.0733897,235.9308966
288.44278,269.0003418333333,236.90472656000003
288.333313,269.8404012333333,237.84129349
290.044617,270.7981954333333,238.774814
292.163818,271.72315573333333,239.68614426
298.829956,272.82587993333334,240.6807016
295.924713,273.85862629999997,241.65126555999998
298.282715,275.0727824,242.56119186
296.879883,276.2793121666666,243.51878998
301.655548,277.6526591333333,244.53416350999998
308.062988,279.08736166666665,245.56639419000004
308.759399,280.61426086666665,246.56739837
315.355865,282.2433074666667,247.63426802
311.097534,283.7499765666666,248.63593762999997
309.764313,285.314684,249.62606046999997
313.644562,287.1649373,250.75239638
317.116943,289.05499059999994,251.87526579000001
314.967865,290.74605606666665,252.99975705999998
316.092163,292.30446366666666,254.12190138000003
317.61441,294.03930660000003,255.22474806
316.699036,295.69189960000006,256.32111922
307.386414,296.9581248,257.35451995
316.082184,298.49132590000005,258.44025863
322.698517,300.12269389999994,259.55158966
322.230896,301.5822703,260.65844284
307.943604,302.54736126666666,261.61339615
307.0979,303.5064829666666,262.53479598999996
317.236298,304.7942657666667,263.48923355
319.823181,306.18751323333333,264.47449981
323.564117,307.5542277,265.54022643
319.166016,308.76538493333334,266.55056457
320.681915,309.8400227666667,267.56812591
318.747131,310.8538167,268.54580581000005
326.316681,312.06288549999994,269.61713561
323.99295,313.1238565666667,270.69726880999997
324.072754,313.9652831666666,271.76837950000004
318.138794,314.70575253333334,272.79046706
322.746338,315.5212066333333,273.82539930999997
319.435272,316.2730529333333,274.83852919000003
312.204865,316.6246968333333,275.78996886
297.375,316.2684305666666,276.54202407
287.302277,315.55319316666663,277.18720184
291.859924,314.76999513333334,277.9338034
272.781586,313.49279686666665,278.47117125999995
272.622009,312.25472006666666,278.94554092000004
298.003296,311.7333445333333,279.67322754
288.53894,310.7807444333333,280.33265670000003
301.922699,310.34590556666666,281.09983474
292.129211,309.54714049999995,281.73872405000003
288.249725,308.5683176666666,282.27811049
265.451447,306.8600647,282.5928868
284.569672,306.09950663333336,283.10430099
274.686432,304.7196482333333,283.52630661
247.55986,302.21502633333336,283.66801956
277.219574,300.71464893333336,284.09512039
241.556122,298.50173286666666,284.12491653
252.177368,296.67104846666666,284.26638076
246.004074,294.29664099999997,284.31417098000003
244.119171,291.773174,284.33914443
228.62114,288.60840809999996,284.17937866
223.764267,285.42834980000003,283.94654266000003
246.213516,282.9460698333333,283.9953363
244.857178,280.48307140000003,284.0308641
257.74231,278.19725903333335,284.14068527
247.071182,275.6332001,284.07376266
254.122101,273.30151166666667,284.06068435000003
253.6035,271.15033520000003,284.04609008
240.259628,268.4007782,283.89696624
244.268768,265.8952280666667,283.75848387999997
240.75827,263.5136749,283.57783201999996
261.761414,262.32655536666664,283.58671599999997
258.729614,261.37413326666666,283.56766998
265.351715,260.4905263,283.58987182
267.26651,260.30669043333336,283.64942901
272.512329,260.3030344333333,283.73040220999997
286.275055,259.91209306666667,283.93567046
283.66214,259.7495330666667,284.12286864000004
285.916046,259.2159779666666,284.36344878
282.03653,258.87955526666667,284.57697418
276.182373,258.4773102,284.73424652
267.645477,258.55044453333335,284.76048217
275.354614,258.24327593333334,284.88450407999994
274.287506,258.2299784,284.96253447
282.206085,259.38485256666667,285.12562071
282.405548,259.5577183666667,285.32144529
277.827911,260.766778,285.51835477000003
286.953247,261.9259739666667,285.7837338
293.006836,263.4927327,286.07144315
288.289612,264.9650807333333,286.26093992
292.368561,267.0899947666666,286.52893431
296.756683,269.5230753,286.82528868
299.81839,271.3099044333333,287.129476
302.919983,273.24533126666665,287.45781432
310.130005,274.99158776666667,287.8215396
315.01001,277.25621536666665,288.18720366
311.410004,279.1658121333333,288.51139495
307.649994,280.96736193333334,288.80465239999995
309.540009,283.27670796666666,289.11402435
307.709991,285.3914154,289.41086669
314.959991,287.8648061,289.73483977
313.140015,289.57742613333335,290.03792692999997
319.230011,291.59410603333333,290.34579923999996
316.850006,293.3107157333333,290.63096616999997
318.890015,295.0314992333333,290.91942015
